{
  "OverrideIds": false,
  "NewBlueprints": {
    "AuraOfPrescienceActivatableAbility": "2ded002a-790f-4727-8b20-ad73b9c0a669",
    "AuraOfPrescienceAOE": "2ded002a-790f-4727-8b20-ad73b9c0a671",
    "AuraOfPrescienceBuff": "2ded002a-790f-4727-8b20-ad73b9c0a668",
    "AuraOfPrescienceEffectBuff": "2ded002a-790f-4727-8b20-ad73b9c0a667",
    "AuraOfPrescienceFeature": "2ded002a-790f-4727-8b20-ad73b9c0a670",
    "AuraOfPrescienceResource": "2ded002a-790f-4727-8b20-ad73b9c0a666",
    "RevealWeaknessAbility": "2ded002a-790f-4727-8b20-ad73b9c0a675",
    "RevealWeaknessDebuff": "2ded002a-790f-4727-8b20-ad73b9c0a674",
    "RevealWeaknessFeature": "2ded002a-790f-4727-8b20-ad73b9c0a676",
    "RevealWeaknessResource": "2ded002a-790f-4727-8b20-ad73b9c0a677",
    "SpecialisationSchoolVoidProgression": "2ded002a-790f-4727-8b20-ad73b9c0a673",
    "VoidAwarenessFeature": "2ded002a-790f-4727-8b20-ad73b9c0a678",
    "VoidSchoolFeature": "2ded002a-790f-4727-8b20-ad73b9c0a672",
    "VoidSchoolGreaterFeature": "2ded002a-790f-4727-8b20-ad73b9c0a680",
    "VoidSchoolSpellList": "2ded002a-790f-4727-8b20-ad73b9c0a679"
  },
  "AutoGenerated": {},
  "UnusedGUIDs": {}
}